drug_type,dose_mg,ph_stomach,desired_release_hr,matrix_density,temperature_c,actual_release_rate_mg_per_hr,drug_type_encoded
antiulcer,182.50200143131357,1.9091431424792742,9.965372909761763,0.8747170920168141,37.487598814891214,13.363414804818728,2
nutraceutical,223.29397787086637,4.789412432647163,6.815223515125501,0.6506413104120663,37.250547084969924,24.731677315885335,3
antibiotic,433.0115021825856,3.6969781857499626,3.173081889623945,0.5084845422507253,37.09479080829937,141.59200588756315,1
antiulcer,192.61490232032494,2.6721696512998014,3.251857922025504,0.6688410203196791,37.50052304628357,63.966450146712624,2
antiulcer,126.27173600874161,1.9874522543218553,8.855652872289713,1.1831116284370378,35.648383853500384,10.028609103824298,2
nutraceutical,300.56056810625756,4.279088162446036,6.303058948994627,1.0610759783180925,37.338937659765456,42.154915663610815,3
antibiotic,471.2696483723514,3.6702546457497975,4.005247267003368,1.1717036510247234,36.672962158436285,88.18446193991934,1
antibiotic,363.21340850373787,3.3671138219171253,6.915945467414369,0.8414978307484537,36.08468355157177,48.3480960966451,1
antiulcer,306.52752654021424,4.628624040678352,2.642089370751341,0.5768153390742524,37.25560129976249,102.84679272197882,2
antacid,93.72942219684583,4.260090239285858,7.819714019143988,0.883571642281585,37.68682927258148,11.425255327479125,0
antiulcer,326.75325201462636,2.030862079064629,4.689934044350977,0.8180641341919725,36.931275742686154,64.99633021827948,2
antiulcer,495.5242325469185,2.5910272372844187,9.975591006371882,1.0910499579177313,37.47643727360147,41.43504786165891,2
antiulcer,113.03780685643582,2.36971198935063,5.103619589235738,0.5686578065489712,37.806139128994324,15.408621272830018,2
antiulcer,283.24834356368154,4.10381202400437,6.552201490818012,0.8417687959152447,37.657457226792026,39.15793646234519,2
nutraceutical,444.81788236757995,1.6173635215752278,2.1162053990810064,0.605034065285789,37.8199822646857,201.37296436613246,3
antibiotic,383.345877989392,3.494613897049608,2.724468877945589,0.727273148823042,37.37106374553595,140.38114407945048,1
nutraceutical,363.6570834478706,4.168605400092417,5.924935564066848,1.0161499541714596,37.03771681945079,53.28162653012443,3
nutraceutical,366.11783779419915,4.5686797286661225,6.799388347171235,0.8332126905581365,36.19901709405141,40.50632242322937,3
nutraceutical,211.77101804888983,2.697286120505676,8.000205481193037,0.7631217996020385,36.876968755935025,27.99255560538218,3
antiulcer,182.116329919022,4.374400566352045,4.916625787093032,0.7761333949990247,36.578376702341906,35.42456539442115,2
antacid,414.2125199653311,1.8872110793432253,8.949818861265426,0.8216127378841906,38.085471358748904,36.767976713881616,0
antibiotic,414.55102760563136,4.462583021070813,10.601223971892045,1.0495115806859396,36.91205709378383,30.932489106684017,1
antacid,440.18254336104667,1.9462103181619383,9.798509888933499,1.124459282258164,37.06160240339224,33.525593616631696,0
nutraceutical,460.9582486504121,2.8905055169612854,2.3961882534835715,1.1687342805527496,37.27574268802023,163.29941261840986,3
nutraceutical,280.10407948742204,4.290533780228438,6.805069472578289,1.0508323703787066,37.02180122318623,33.31638906767274,3
antacid,275.68233260923984,2.0247109957207083,3.0493017841817487,0.7207848270236089,37.84752552021538,84.85477453993246,0
antacid,409.23283053504883,2.302379883314245,4.4204501586252745,0.9816942942605795,36.68867531913278,77.08690022454104,0
antacid,342.4837688499943,4.0278839893757326,11.866625932671464,0.8063221868387743,37.09730372761862,26.00687660309918,0
nutraceutical,365.8850947659665,4.020127877911261,3.4249554290151325,0.6782694354322358,36.62876470715098,96.22016780823986,3
nutraceutical,408.10670124624545,3.7440167150985406,6.988881534513561,1.0886101055981459,36.33998874438965,43.60535003893033,3
antibiotic,450.50240381790485,3.92881955563485,8.18155734318119,0.5268984442736275,36.69411545454736,56.93491463602932,1
antibiotic,202.09782058319112,3.3995355517165864,9.024649705441039,1.1312333944947963,36.98148160147579,15.194007644409822,1
nutraceutical,219.01232868797482,2.381296706174335,7.5964868348691414,0.823034225237314,36.78534888774137,28.624141571303436,3
antacid,92.29187292839106,2.709935977263718,2.097708474191837,0.9460410337657963,36.65378951006307,41.194757034703265,0
antacid,310.2260634482783,2.1355920088049896,5.264613082439919,0.9615477455440479,36.29684126816408,44.11471945051714,0
antibiotic,66.17402320853394,4.6795769646676995,7.1771164338471145,1.1265824184945754,36.95844721368565,4.628382221237555,1
nutraceutical,259.5191081596071,3.5418712816814217,2.8786649914483338,0.9456687775170451,36.2476398129845,82.06906882185739,3
antibiotic,294.1900856184095,2.9029799586727396,5.506269312091808,0.9297535093320433,37.380027981844805,47.79216140369411,1
antibiotic,178.94356345772798,3.1170203127544642,2.3320310879136654,0.546656428392483,37.04121987646725,82.22998337632448,1
antiulcer,315.87496725605484,4.8154916886413535,2.7857849715502074,0.8628856153616429,36.27122425026754,89.87648594135705,2
antiulcer,63.72511247257224,2.0367299109062804,5.96923276201596,0.6051183005719292,36.84539546147507,12.701214052202394,2
antiulcer,66.80668493714649,3.5518044120587904,3.3271575404306035,1.0162036381050399,36.62392179720471,16.380422001235406,2
antacid,420.17025229684623,3.2706103760956307,7.675408482615581,0.8585553445688721,37.15958725520959,50.47001373393944,0
nutraceutical,212.0857886350683,3.6400898240212674,8.894649691372656,0.9761594454458473,37.67022522301157,25.42957897796476,3
nutraceutical,107.17723069334815,1.5633856433729418,10.005866991090828,0.529171030421669,36.062413765177126,15.097047732641478,3
nutraceutical,285.00946702466194,4.55243368130453,4.001502442448101,0.5593544112320622,37.057513039573706,69.01038576719763,3
nutraceutical,396.49709889437486,4.762413988692643,3.6748258225906976,1.0014263716438776,36.91993360221668,81.77840030780035,3
antiulcer,147.11946237357944,3.4779661425622312,3.0456784033440023,0.5504590351990714,37.33567003822523,48.671274050872526,2
antacid,330.3007141185501,3.938277883569123,8.364302495436366,0.549879709435681,37.10659831411884,36.99882188383913,0
antacid,88.4063592471956,4.728747834120535,9.064757264869012,0.5084759326644213,36.62401533413059,10.47335337663677,0
antiulcer,73.25677452587347,3.975335220096895,2.3158614482564204,1.169550978809636,36.84047303216669,25.46626541024788,2
antacid,289.1095842056666,2.0338866501999147,11.362122462436899,1.0162558516213047,36.60198707159825,24.95241394325236,0
antiulcer,293.2858047245479,3.517009260583846,2.5197128365147243,0.7472759859514448,37.5380035692993,116.47700145757858,2
nutraceutical,336.84345567419297,3.6235026623399955,7.412963353010705,0.7075749069013586,37.01065582433597,39.686652176382694,3
antiulcer,376.7411001751977,2.984457349558351,9.090605194509164,0.7447922608220947,37.950595342876504,46.65418592797185,2
nutraceutical,489.1334357581406,4.07755482468653,10.709691237460856,1.0422574718268272,36.96966959309269,33.77410064167506,3
nutraceutical,282.3351567355379,4.770284551691552,9.140869321324278,0.9629594277492901,36.64579661654477,22.357888181398906,3
antibiotic,195.3304128235607,4.739489795173717,10.017280830697919,0.6296368975072275,36.24314280369359,17.5650464851911,1
antiulcer,407.83378764591663,3.077937799914462,5.39450192542806,0.6218765347338591,36.09843016187203,84.17069910687246,2
antibiotic,171.87451306793338,1.8963331604426434,10.148251137465122,0.5688769547993782,36.207932028497254,25.398733901788646,1
antiulcer,247.53713931753626,4.946944196368171,2.8011484638467516,0.9622119037909367,37.13356332550574,68.63406265741924,2
antiulcer,85.30537160401968,4.436143302560769,10.948166560605276,1.035060863555215,37.254362511614964,5.541883775346944,2
antibiotic,61.40783453695588,1.936319384211434,7.475923761537363,0.6855324998275028,36.209404648983934,9.097905127303966,1
antibiotic,483.1917866050663,4.722946589160803,10.172977699624937,0.514661472721639,37.44751915703806,47.05213850092728,1
antiulcer,426.1910542304926,4.544637267217449,6.523182845183001,0.5575201672334992,36.75846947415828,59.19997940907981,2
antacid,363.18839274216407,3.3159331999412522,8.435776951965249,1.1775020243915213,37.073396505992775,40.861021271336824,0
nutraceutical,234.02882498642145,3.5694640251072522,7.264026609361132,0.7068113442341941,37.806110314127714,32.96772792282345,3
antibiotic,127.9824440318806,2.896509463545456,9.315895217553319,1.0384562034866935,37.44841965793277,13.957769950060744,1
nutraceutical,120.39666920198871,1.6916657358771097,2.816299820305896,0.9372644981979846,36.86573467604708,36.973024219639946,3
antacid,162.60930417406792,2.673190345760653,2.603520839905638,0.767357747757027,36.55440388729236,61.6517181112865,0
antacid,297.1519991177542,4.30998707009304,4.471032340101464,0.6439810835368885,35.92409229933535,61.89589026538295,0
antacid,371.56816521502805,1.5162120805161101,3.5954468011318834,0.5849704927115845,36.64042334037879,92.69710715450927,0
antibiotic,347.08881952297907,2.6672471009190044,10.717835665922017,0.9305090776272067,36.894434880586154,27.903436159989983,1
antacid,175.97025362567427,2.8935904275683013,4.192139873580443,1.0422436464464515,36.50641023642441,33.64962718840501,0
antibiotic,479.68937629843737,3.38088461028273,11.758652558191313,0.9507329774787914,36.93437151645385,38.120734509584224,1
antacid,382.05361251309586,4.7194946574446615,5.368957917711068,0.8712114932744108,37.03842594147938,59.64823353853453,0
nutraceutical,299.4593236301303,2.7122109802808643,3.821179156886993,0.5293658564021454,36.88757200909596,85.44126505761913,3
nutraceutical,325.2743358054585,2.714336206636797,9.89698507142479,1.1779421443160687,36.67499870958827,31.859741532431677,3
antiulcer,238.82002809250545,4.081254368384119,8.58707775500876,1.0590999341582021,37.08432733598336,22.273152363266043,2
nutraceutical,161.47894527552086,3.082762793114325,6.98195716453139,0.7049754256906753,37.2209703247847,25.97249104088651,3
antiulcer,210.18770539306772,2.2861168802899368,7.553635509376313,1.1859792305511954,36.45480046127858,18.217678911921755,2
nutraceutical,391.0307497089661,3.083538306464427,9.192017782722639,0.9213171127454254,37.705466189873135,39.82595484216756,3
antibiotic,56.47706988339014,1.9929995713292996,4.284547413312987,0.9076958607450725,36.95070593385787,13.413366526633313,1
nutraceutical,102.23268822811231,2.1173544527717816,11.963339160567418,1.0236512256006725,37.00942481147242,9.643537863536427,3
antiulcer,70.70118890978874,3.244287204588179,11.747931621467831,1.0682388516630963,37.35410721162828,4.414993232461211,2
antiulcer,68.32796104353656,2.9662390732659176,8.50325686346937,0.9595350251320518,37.11660806563175,7.30875927694349,2
antacid,434.95726280495325,4.70196065373835,3.9954245092914515,0.5896670224563401,37.47656831695662,94.78244327631873,0
antibiotic,366.64603672101066,2.768378646908216,8.802282424312914,0.7367872541961489,37.143562082600916,40.82613720332623,1
nutraceutical,263.37822308929634,3.532059225973152,2.7219840897917584,1.1496585482282349,36.69378131267978,80.74563308503693,3
antacid,94.02537229295066,3.7129250077183564,2.306525022058061,0.6572309282906963,37.18075176260305,41.9633637037196,0
nutraceutical,271.2271438025746,1.5458305980591678,4.576828885112137,0.7605169166862593,36.428136896339666,52.062654089407275,3
nutraceutical,263.0622968512546,3.822380802058487,6.626229567393163,0.8024538180609372,37.054279852888264,36.60811602843916,3
antacid,127.94084145950683,2.1231258840441303,10.682725054083805,0.8075834927861165,36.98338500467777,10.90885828177447,0
antacid,245.23324215708786,4.863746111143093,9.27169069766308,0.9290577077461679,36.89594157136373,18.364518954992977,0
antacid,229.32713047881805,2.0203195471358955,9.42706521199981,1.1601530864212952,36.93573124428053,20.842346116217115,0
antacid,327.1325441234974,2.951184433044583,6.2549333444807536,0.6684848982827535,36.05907547725118,54.499014665832064,0
antacid,335.7921428904397,1.7987238382752535,5.459349925469629,0.5850509634106427,36.72563754612952,59.764377135607006,0
nutraceutical,70.38680439742004,4.989059881460816,5.710387629846027,0.6382293429019561,37.04642245057056,8.949854307139242,3
antacid,218.57567658191203,3.257682536159349,11.876495637360579,1.1208474301464886,37.0799281959987,9.206166999142885,0
antibiotic,331.63696207140634,3.5838475606201534,2.401091914124825,0.9520675688586442,36.48616242953702,123.55288952494604,1
antiulcer,276.41131636103944,1.7347676708594961,10.670314961224486,0.7001347524674121,37.63285392043235,22.54125943626919,2
antacid,435.42042853474504,4.124861646397122,7.786754085723934,1.071162857278032,36.56691257589275,41.081975184600296,0
antacid,346.41213422852525,2.23466957583455,6.386154191895905,1.1029589974544052,37.48472860026337,46.74295222979134,0
nutraceutical,123.32049218664336,4.643190013042498,9.252576604151365,1.0925600370831945,37.21359718093584,8.721701669889185,3
antacid,81.75593633019344,2.217988741687025,6.866689414247029,1.143248573547688,36.676886345078096,12.556245727344317,0
antacid,339.088675192842,2.167407022322833,10.734232380816605,0.6765687141213531,37.887655446304755,33.049416269802045,0
antacid,61.930089743729816,1.627923837468332,11.007018640112586,1.0285293501223949,36.40318158412176,6.382415528241675,0
nutraceutical,313.5990115730585,3.1522343078849975,6.217209268734554,0.8223776480918981,37.459577086805,45.80883354944734,3
antacid,473.1036086412309,3.4769439664191575,4.768277972350516,1.089398987023043,37.50029115902149,88.43882311282155,0
antiulcer,308.96338004414554,1.7299802379992333,7.923503285933622,1.0099434740131292,36.66468989546168,31.652455718492575,2
nutraceutical,224.67646679293486,4.214346658432537,11.12363345616691,1.0435132125498072,37.696232650032165,15.243586938006871,3
antiulcer,339.47969829905895,3.0865109216180966,4.106621890056665,0.95931328637675,36.874976742700525,76.87126641513223,2
nutraceutical,256.21380072118245,3.33536594264653,8.229665835634828,0.6242001386287948,37.14434681463993,27.015460578194244,3
antacid,295.5275551921707,3.0426696142837986,8.315602200925206,0.8815188432278568,37.13016091938561,35.593022684253505,0
antiulcer,473.65916394943633,2.9026707130636407,9.33113022415281,1.1892688176671558,36.932845629264726,39.26653802059203,2
nutraceutical,223.74618701034842,3.4587411595787625,3.315676851272598,1.1561716465479832,37.40540413657989,51.826210849736164,3
antibiotic,482.5357537207614,2.043340860757494,9.158249646820884,0.5302216150579082,37.39674436027611,48.851156924070935,1
antacid,457.4077888802287,2.136748456733449,11.09032520665641,0.615370371010606,36.12573401338091,42.74318062915502,0
nutraceutical,138.1060106551834,4.5162496735473106,3.7968310887024197,0.5922101414181933,37.65217012143908,32.18981709491749,3
antibiotic,81.21258539382445,4.811404117467715,4.375433249238776,1.0081859369897068,36.168754005982166,18.186932280199105,1
nutraceutical,95.350100619842,2.806582606979135,11.713950940416396,1.0724497308998615,37.51627310217083,5.615266549075045,3
antibiotic,58.19982154319737,2.447606356002438,3.8097695270948977,0.6494579564174703,37.56335256841379,10.438224539452593,1
antacid,92.49933234016777,3.7539984013365553,10.543850933695792,0.8540968850662802,36.4545167848924,4.456394241505335,0
antiulcer,357.35304803736057,2.9305695988433373,6.922778564480348,1.08849211960784,36.79459285602271,48.77407665315547,2
antibiotic,82.03489180710304,1.588852244811207,4.472310744031771,1.0129610813363754,36.44714766575703,13.705635261544385,1
nutraceutical,193.5390336321926,2.046534090781666,10.707499012725114,0.8795660438442938,36.89253948485563,14.135379078871617,3
antacid,430.19388993625455,4.005902800965892,6.453052550026655,0.9132433833211411,36.84598285790713,57.45887128511742,0
antibiotic,60.472371081121636,3.8062337966855297,7.148173539296902,0.855852382841396,37.38983026613467,9.198288343356316,1
nutraceutical,416.5108171650211,1.5948359737621922,5.592333693997657,0.7082839159231744,37.6551543730598,71.01832217929935,3
nutraceutical,176.83464864802997,2.2769025667653233,7.9295085143492745,0.8955153950013113,37.69784190539498,24.659910971566624,3
nutraceutical,103.17417242974531,2.30876178805825,3.6352387258502277,0.9822197114350635,36.71891598671085,23.20828870110688,3
antibiotic,363.5317244138678,3.8516246025955496,5.910815366517607,1.1113260411025654,36.89538906312774,45.12562959409384,1
antibiotic,333.0242810509478,1.5689868821402746,11.694123223352875,0.9454039477854737,36.158280903889526,21.162629208482414,1
antibiotic,444.86240608717384,1.8643800369460084,4.581334327011275,1.0327850759302106,36.59706496675191,77.89835336656441,1
antiulcer,380.7819697117486,4.2997062988061625,8.567366645412921,0.612050144468201,37.48242581654873,39.28657795481321,2
antibiotic,411.5664186731819,2.1249063171901676,5.251900642246949,0.8230902320938529,37.80779141177412,69.6925282781962,1
antibiotic,176.9155576570879,3.7846113774815615,9.734731256866006,0.5065321338789653,36.38282556406004,19.39856336829622,1
antibiotic,129.84779470087528,2.333639733663543,3.3087366071834983,0.6726752051651361,36.703767870423555,38.00631089277609,1
antiulcer,387.7766382383862,1.848044874657708,11.698210450785448,1.0085232005791034,36.98679712152054,26.97119169846499,2
antibiotic,413.0756326702688,2.3511026684980894,6.5378954138363925,1.1942669659445544,37.140080579409805,47.69792538051107,1
nutraceutical,495.727313900303,4.027934261494807,4.36050463346464,0.5694246697110511,36.595198240039174,109.36292042527184,3
antibiotic,235.6779546101419,4.494937638372,2.7349674733001264,0.7810460211029018,37.21203052223205,71.54260872970309,1
nutraceutical,217.40813860675243,4.4057695259844705,3.697579050875407,1.0600496780894115,36.76308032646454,47.624342009294224,3
nutraceutical,399.3858323338986,2.890142353664592,7.197739485560176,0.6428249442402292,36.99277386456086,61.42139166499707,3
nutraceutical,203.36159311385802,3.8382979779972617,5.370031764312863,0.8885594645116004,37.27314212400185,28.201742164871938,3
antiulcer,468.84079652160415,2.2174450339553733,10.288833658826094,1.0131499072207724,37.00321113490547,35.63606510233386,2
antiulcer,436.2857383293553,2.526017055913546,6.308875236618059,0.9311898151821253,36.78180705473672,57.521384502701395,2
antiulcer,243.04731231875826,4.63717536482392,4.487142725876299,0.6316173142307913,36.94519509803708,46.31882831070516,2
antibiotic,387.8919805061738,1.5455067322875762,8.171449866040302,0.7487691980800175,36.95581852039733,41.09090020937156,1
nutraceutical,389.5442933381071,1.7992798579906384,9.067772168854457,1.0486542491397781,36.81499448505894,29.503384951968716,3
antiulcer,96.40574097616968,2.2276018930110957,3.6704190790094984,0.8879585598924116,36.87060196866645,20.527755024520307,2
antiulcer,456.148808005805,1.592862713558369,3.6761921628831766,0.5036607294800389,37.79932358525236,119.10830232107118,2
antibiotic,277.3635676015357,2.1350240228142905,2.3667142693354295,1.0326935320196657,37.28045972397062,98.53072522046818,1
antiulcer,421.90585974848375,3.540645463393923,9.364020150656405,0.5247179484581673,36.85225984098542,47.31147881263611,2
antibiotic,194.0223204637753,2.974985927073743,8.638045276218051,1.0220136479118624,37.34847720225537,18.463698347638996,1
antacid,452.9854528232902,4.624350988769412,6.746308757498139,0.6417363921156662,36.833090255121995,60.030117422441165,0
antiulcer,225.1407554303734,4.361052466084543,10.441704489691972,1.170651436083566,37.58656231879332,14.504514420042753,2
antacid,54.87694316613426,2.696360730942566,10.056701529500533,0.7575585259114591,37.18482109609905,4.595759187062309,0
antibiotic,457.42188938866866,2.4079820170095236,7.853543643967521,0.7288521314366554,36.94634892799789,61.28495574703413,1
nutraceutical,91.0790045537601,2.8289234285854343,10.682712805132587,0.6042216352327112,37.22385846290514,13.118289297021413,3
antiulcer,193.69113691568668,3.566032298801827,4.058412100367683,0.7139229508431504,36.21456192396575,41.578444496267466,2
antibiotic,477.5278851728622,2.438222742880067,3.1191961939772788,1.1136555332797404,36.4366162655451,126.71787841309255,1
nutraceutical,477.77321612190025,3.684521177471969,4.697496115169896,1.197434036339073,36.40303749680047,80.69096716960006,3
nutraceutical,308.04704965547876,2.932940782669341,2.5708685608931487,0.7578166713547938,37.071471547381854,117.84160254520934,3
antacid,334.32674547640966,3.4321651329819307,7.31169528001032,0.8140274416681798,37.866257499742545,47.09026979502973,0
antibiotic,251.8004848902439,3.0264428519736084,11.366056922949614,1.005449656741916,38.11565007309632,25.57190322293205,1
nutraceutical,181.94484726412904,2.530630158396712,2.3934354066850965,1.120337046325552,37.319025550720376,60.403738492967754,3
antiulcer,197.89904541646217,4.819586574367548,3.221099140100268,0.9151310339307489,37.25042223747223,45.55224711243951,2
antiulcer,352.63330523466726,4.172620279559163,6.521990282834353,0.7740679887244806,36.09947113292363,49.973458927948435,2
antacid,388.568538246956,1.990396115182584,11.33875017527905,0.7888352885940366,36.72866310013299,31.509426334768317,0
nutraceutical,406.21056967663185,4.539637915642695,5.161561049767505,0.9869327025477648,36.60610812404588,62.53025198116246,3
antibiotic,405.32816425754925,3.2060091938732977,7.072348086883924,0.502252784522995,36.68957620087444,63.25292804462712,1
antiulcer,91.04274637191067,4.63093279412932,2.415728590503921,0.9337125362218884,36.9159280907076,30.950738613478812,2
nutraceutical,272.48913711616166,4.299493395815603,3.4834320096208886,0.7488451073089502,36.763954711151435,64.98052433795554,3
nutraceutical,75.90144200748992,2.9882472656423174,11.86630122958847,1.055938131893959,36.010350094812104,8.706495992745403,3
antacid,297.287997045681,1.5786425791204108,11.651186964360456,0.5650934478761925,37.37395512805877,27.7231488185876,0
antiulcer,248.68872561801965,2.4403707578473113,2.049399809344096,0.9117415868638734,36.463628487130094,106.98676641221361,2
antiulcer,449.4668822412349,3.395719751313034,11.51811785423239,0.8366810229202866,37.119623432055576,36.9305928713506,2
antibiotic,207.91175564843542,3.7171737693915157,8.391199378155004,0.9496278681336592,38.037041334874985,17.703212037324732,1
antiulcer,102.68015739242264,2.4026068990162077,10.679182945200221,0.5453975161380779,36.54030770420679,11.366683161569233,2
antibiotic,114.34625692377614,1.9877462592548845,6.547398556338591,0.9059886511996919,35.73485623862683,16.176757590451004,1
antiulcer,392.6797842728625,4.422255828797547,7.155960285792503,0.8930392115716665,36.85699788905995,44.9372158948028,2
antacid,328.1981284923175,4.945407632462432,6.888465802569202,0.8924620660913196,37.55047981749929,40.93982720623693,0
antiulcer,95.50520425525562,3.3399156380594004,8.668642575461043,0.9224413666175184,37.9791737271103,9.416666478687105,2
antibiotic,87.84806275174884,2.1008775004690623,3.396512547563129,0.9735275560584535,36.38522520277379,23.194664097483425,1
antibiotic,365.436109156604,2.453075642817791,2.2997358987267793,1.0634922997765388,37.24834961161826,132.3229452507932,1
antacid,82.74335286388708,1.5643673679161336,5.079299415911909,0.68887450408975,36.76734477160997,14.399408179467194,0
antiulcer,419.8370266806603,4.700045822961746,9.046807627366467,1.0775345871260433,36.947025822847934,33.66427936880141,2
antiulcer,367.8090022204233,1.912128790115494,4.018534521229483,0.8487789775844174,38.32217167350852,83.82780045486501,2
antacid,86.6069512888549,3.5178076642998874,8.734324333249173,0.5539407953940318,36.248514835802425,8.986250255385203,0
antiulcer,88.17697133833636,2.459193272405221,11.699120461072704,0.5409856504707854,37.12686983074729,7.503631563714515,2
antiulcer,493.9878103255289,3.439623008805277,2.939007157894184,0.7339668230872425,37.233846585882716,168.57024152659912,2
antibiotic,218.42185809025415,3.7799713592315247,8.726021182251262,1.0494278839780273,37.542893162469674,19.80423211356756,1
antiulcer,216.7889661801009,4.404096312975206,6.437502193045711,0.995376654318641,37.048991576735446,21.90473912088462,2
antiulcer,415.75980526587614,2.2224744511621113,10.681422543775053,1.0520304752706844,37.154025269752054,37.67624841386567,2
antacid,476.2618598227364,1.5384854003046817,3.771497894473859,0.8620883395091266,36.8041757162891,108.6721704787383,0
antacid,493.7004787202919,1.9790997052408255,8.926259522261645,0.8081392985688434,37.13456347062255,45.823655081256135,0
nutraceutical,389.0201833665237,4.650065246468368,10.381152896481103,0.6032167686943988,36.82840386225129,35.648620461198895,3
antibiotic,219.3168134889121,4.5586152714688035,11.446142194740233,0.729734927526518,37.31078594492803,15.27505012758598,1
antiulcer,87.57532251440094,3.590945857596079,8.832480282896459,0.8038135563217126,36.81519483197818,10.053800537827883,2
antiulcer,399.7161121673466,3.601809011517787,6.971747640084273,0.5620203007757321,37.18855019695109,60.229040390347116,2
nutraceutical,301.2819123811123,3.827628360911894,8.178472402012138,0.6544283668978479,36.98536859315751,35.038159669745646,3
antiulcer,240.89990416113932,2.1137994751820735,10.689049844787181,0.9187577058446171,37.56302512538608,17.543287408238218,2
antibiotic,457.8594732926312,4.70044181073736,7.706097466388297,1.014964179967433,36.974303138205755,42.96551183298794,1
nutraceutical,100.03886703776811,2.965696837122256,2.303870596968369,1.1988432579750647,36.11348376589656,32.65361615148932,3
antibiotic,271.6812969308866,2.840984848873241,11.309486955069778,1.1531793319404904,37.630960750357,18.189508708125746,1
nutraceutical,55.10914014533858,3.3162119684899314,8.895267510315612,0.9497956396746341,36.54713384956869,5.361794204464995,3
nutraceutical,260.8972888973568,1.6643808837126928,8.765133857772465,0.7948736373058504,36.67311683067559,23.44201089214191,3
antacid,75.3364740568268,2.0819917906462777,4.156751523977172,0.9453241552957629,36.70216935297825,17.41091067805656,0
antibiotic,103.46806232063236,4.083117657492297,8.588854702326572,1.0499561326561624,37.68721904658541,14.329023835496825,1
antiulcer,102.8868110496972,1.7897953377379427,5.938644056541585,0.5828353336463711,35.932162893010656,14.280733539378833,2
antiulcer,342.1446359522286,3.6110323831323585,8.51232977041492,0.7869334227874017,38.568874266829994,40.438948349887966,2
antibiotic,385.7201956694405,2.3587218838846233,3.065930303079907,1.0878615999449321,37.528028404533025,107.33290698705575,1
antiulcer,312.5159442937218,2.8625346491469177,8.578453046030361,0.7686830663531308,37.11161945706458,37.91745545722791,2
antiulcer,482.97764681354386,2.5104280786974495,11.994137257706665,0.9003105898590306,36.97255299969186,36.95739477630618,2
antibiotic,218.69176078566682,2.744854507627322,2.4821203886055603,0.9114385526035387,37.14277703742883,84.61104559967191,1
nutraceutical,178.57043882683732,4.016660668144859,11.771741842213173,0.6291333771935476,37.26056121418967,16.1191226891435,3
antibiotic,440.8696076852571,2.5399260046811127,6.069079607228706,0.7535648091566018,37.32260779297503,67.55720750677563,1
nutraceutical,150.6181273337537,3.4824162410391404,10.707534503372592,0.7341579021193525,37.27780223300172,16.462541454147022,3
antiulcer,483.4501427482751,3.166176407696849,9.823854840582735,0.5183376959724454,37.04479034062762,56.58061317359713,2
antiulcer,55.46951361041735,3.8228490787692686,7.6701626098666775,0.5169342347239487,36.901330789846334,5.076514072793191,2
antiulcer,486.44547201843756,4.778904087636652,9.384492092513266,1.0821879305730415,36.924363358173245,37.83204002576828,2
antacid,69.42196037775925,4.064002340235876,10.78515561301348,0.6911495669809686,36.90254585982366,8.034807119157204,0
nutraceutical,451.014401164132,2.252291325067649,6.0414032165103295,0.8626551363671708,37.566885048433534,67.85818607492146,3
antacid,287.4654990888349,1.6091409727144963,5.2703316156323865,0.7091079015121411,37.29677836114043,52.317237900983045,0
antacid,496.83415825368513,2.4179241550493877,8.675933855635847,1.1584754715807382,35.52980568266786,51.253060962124835,0
antibiotic,83.20845413092948,3.582772757450892,10.078459419412585,0.6815077312060416,37.32795038826488,5.865596286818174,1
antacid,299.2344279805943,1.6799903471948763,9.622851347766158,0.8007597689172545,37.097368097359386,22.91898289766556,0
antibiotic,486.18614102859453,3.237281865204327,9.978136488586344,1.1109111753392211,36.99064562177705,42.55286006460005,1
antibiotic,285.39402987656695,3.588949971209112,6.35583314812933,1.089353496754266,36.805740773455554,39.314052647942795,1
antacid,333.22938716086816,2.6698536178593626,10.178342161750216,0.6302709924923942,37.56205635999301,33.68497329160603,0
nutraceutical,363.08691004307775,4.198192713110377,3.2020905537060846,1.0618503168569973,37.473763231061426,94.9804139163821,3
nutraceutical,254.54347914549794,1.8730938859682014,7.444890979608496,0.8207308207165248,36.613561166088196,25.721249028617216,3
nutraceutical,332.40113603782856,1.7629822360753307,2.057586604981216,0.8380782104597486,37.203526143562264,142.3388726122409,3
nutraceutical,312.9414403653951,4.048660646712612,5.245858299002703,0.5934359806911607,36.51417163272936,55.15114006504139,3
nutraceutical,455.52110472094506,3.2342196067216946,5.664615348713979,0.5564210596299872,36.31019091760553,89.5578095577005,3
antacid,70.45087115365604,3.909408387497076,5.9617269160925535,1.0095575148816356,36.686641387705016,15.727078979633983,0
antacid,176.43343531650365,3.021895685113112,8.954672066898622,0.8475228066487098,37.43119673619138,17.235604280790817,0
antiulcer,477.6851678344514,2.3624071163368736,5.885581012703457,0.8057954918306256,37.47656252268804,75.24614700678667,2
nutraceutical,450.61870275091235,4.366858111859699,6.486936226225307,1.0106557600566777,37.25654271004865,57.91877086661027,3
antacid,255.0455387535708,4.297955576391427,4.375441308743275,1.0358590292937768,37.362547893424,45.27716254635178,0
antiulcer,329.05966901069155,3.9314376479904936,5.732517916293401,0.6112357173685474,37.25808914355748,56.28337256167056,2
nutraceutical,174.8215323415097,2.4525079803048695,4.2726962726315145,0.9271576046343488,36.67925920238852,36.4316319796423,3
antibiotic,134.65452187569258,3.565807334041805,2.7319592376844364,0.5947478575943799,37.21596127233697,44.884497421280756,1
antiulcer,258.664282222992,2.763408639290094,8.03448593381378,1.025962560220332,37.40020476261384,28.8932934833953,2
antacid,209.00850261172377,1.8205372566432194,8.682127985550164,0.9598686093869977,37.377145664906784,18.03188875507186,0
antibiotic,312.64525033289243,4.7105975141178495,8.194903460096146,1.1696302347584204,37.59445668573732,25.95045597828916,1
antibiotic,84.98058663424317,1.978865208216365,6.6349404380057235,0.5482706114494948,37.35415192360053,17.12352217481719,1
antibiotic,488.4776634497749,4.825830738372808,5.797857801792298,0.539938304805878,37.17572410377079,72.66385209587507,1
antiulcer,493.7948350158213,3.061020205352845,10.633336495718252,0.6975309522852401,37.535075119158215,51.25766253283668,2
antacid,364.17277130888533,2.1479652509351688,7.190817851362181,0.6831939786151342,36.98673937037547,47.63750719625881,0
antibiotic,291.2433648548542,3.3966533158242536,6.79181877629731,0.6728851593503998,36.55906267438614,41.86273483070072,1
nutraceutical,189.28742732884749,4.555310425567429,2.256420658064357,1.1343782063647256,36.91846651802812,63.587039545462375,3
antibiotic,416.2077588681269,4.0627871024334645,5.412478276261563,0.6746823398946542,36.62754867759678,72.38396580592398,1
antibiotic,358.1290276492457,4.3229640175150745,5.80195618785857,0.6903648082900417,36.66241086251281,57.05391562190936,1
antiulcer,123.17762270520109,3.8057417834875107,5.988227808969005,1.0315787836925745,36.92774066464224,20.02800973472452,2
antiulcer,459.9172330222291,3.9229679758124836,7.801723692273323,0.8148178897153779,36.60379003950002,51.56640887865848,2
antacid,420.14175931542604,4.472184780478617,7.336025467268785,1.0436973898686268,36.84601923518048,42.03850908120035,0
nutraceutical,477.4099609813658,2.3738380310071507,8.079050927934446,0.5457563102950697,36.05319266652311,56.03660983090502,3
antiulcer,376.573778774762,3.212987372750992,9.648832615421282,0.841299835571369,37.10664685368647,35.20961538273014,2
antibiotic,326.03683817110544,2.274233046368608,10.129857387160936,0.5235295201282979,37.00060273768111,41.99871207971713,1
antacid,238.2093663307785,4.9568380279882645,9.181230762264944,0.5438572424187482,36.591455684465906,26.458348499900552,0
antibiotic,469.72781750930596,4.804207688903146,11.555236959549347,1.1345062173410876,37.3296228342162,25.09075336395147,1
antibiotic,439.72875027518376,1.6379938397897706,2.1823258267636163,0.5974717597823166,37.46878506881328,186.83051485326746,1
antiulcer,70.34840154778523,3.9695131038049096,3.9577798568354607,0.872694477592652,36.19622006781551,16.654489547137732,2
antacid,61.865138523763406,4.73836911095483,2.075628749781421,0.7877669218204946,36.618637610716895,26.103383767139313,0
nutraceutical,219.4085150951223,2.132013707945667,8.474747141546029,0.7431403283811898,36.61542882510635,25.547896661867643,3
nutraceutical,414.7489988518248,3.487808306934203,10.98030548949987,1.1298833419810905,36.530048449445566,29.983927255650457,3
antiulcer,494.274258191725,4.704209041558146,4.434822965762993,0.5152763777428426,37.41473742096587,103.89422001836982,2
antiulcer,117.68760099658768,1.618810925050296,11.270345447963066,0.9646527803229124,36.9030869306136,9.366413084982112,2
antacid,317.3588219084608,3.9409709353639397,2.6026739028956083,1.174376103949485,36.86774257934469,93.80520327546527,0
nutraceutical,221.40088548395968,2.540721525803928,11.344360268055143,0.8921177284232893,35.99806881779662,10.73698532600789,3
nutraceutical,486.46147901657145,4.735386683817856,5.516226872396344,1.1557757234231643,37.31770901510461,62.41779230507597,3
nutraceutical,428.9535154110689,4.898703858078787,3.014208284492165,0.5365805155002167,36.38037080257326,122.51466143834234,3
antibiotic,427.247917120012,4.804932711897019,6.858717591863257,0.793155323351913,37.029966315133166,51.760691409953,1
nutraceutical,260.91192190773666,3.159749758301123,4.567765677205079,0.6821104536734358,37.1386884689791,68.05894505780043,3
antibiotic,236.66877605194932,4.517149278462597,4.8487290196192285,1.0115746754865107,37.68032929791933,39.77708384714695,1
antacid,173.0331823688178,4.455922894872746,5.072899649262865,1.1869079633480726,36.34558980044044,23.20877391275915,0
antibiotic,75.3689734929172,2.6168516563513946,10.030258978326634,0.6795710437109734,35.49024392208959,9.996698246703106,1
antacid,439.12506931477395,4.401204159527371,7.391612766752544,0.9579222210318521,37.09192477237685,49.43731683615487,0
nutraceutical,415.8054541085349,1.6295267215042242,5.113076991560036,0.6386683429318181,37.90025559075543,77.98362417106858,3
nutraceutical,499.87295297875875,3.5869445746871857,8.103337833109183,0.8957311782001269,37.61947317646972,58.70142545516308,3
antacid,498.4865766832574,2.3050309305069607,9.161506742231936,0.8247527406818354,37.104829707637315,56.45557719484503,0
antiulcer,299.9442675211824,1.9219841002204758,4.7262400073353374,1.1804037307420758,36.75418190718398,44.259735483089756,2
antacid,396.0443368312297,1.7693362057022322,6.135491015253515,0.9259690908875265,37.40356129831866,55.825283525211624,0
antiulcer,475.1445784470926,3.9370107155734893,3.2188609333694753,0.7446544604607731,36.513226900147764,131.9668335409067,2
antibiotic,432.34132580483515,2.6895623731882314,3.811493495346803,0.5798670494215533,37.238178884678106,122.10855261475011,1
antibiotic,161.30664578443896,4.036683700350665,8.811178539649827,0.6058727801144542,37.25273507958331,15.061388279772205,1
antibiotic,252.74486088954208,1.7287471927962983,3.8143834769562694,0.6577218509658646,37.530104953749436,60.849204711281686,1
nutraceutical,108.12173681817274,2.6035161824071364,7.251633836670601,0.6756766629382086,38.37983001945554,14.767824487977235,3
antibiotic,479.32296226642507,3.3882195233136803,9.090462617224327,1.0954312404887965,37.19620798358938,47.88251206300285,1
antiulcer,322.778585502896,4.267531076936372,3.0687692309474386,0.8928559517977674,36.74551818714625,90.51832701459283,2
antibiotic,152.88926247655823,2.6156337602622446,7.673122196289036,0.8663736379620565,36.987212843904004,14.90645933415897,1
antacid,352.26530798263553,3.690619817529532,4.565627837013638,0.5803382103084522,36.11546204755544,76.22980038742088,0
antacid,328.15770820605314,4.600922118826655,11.629268752375799,1.1020977853446046,36.65264343445547,18.490885904362166,0
nutraceutical,211.17322311477824,3.655521158638066,6.835456467199247,1.0059700122459385,36.795358780943445,22.552071221285342,3
antacid,101.10091648983305,2.315358161637718,10.059925497751582,0.5473678533300012,36.737955801032705,9.57576464142787,0
antiulcer,352.20793801675984,1.585402735447883,7.502265421562617,0.995484568060838,37.07617743601686,36.31358250743462,2
antibiotic,284.138465406707,4.545346058653255,2.4341253285481916,0.8804767521398522,36.5887900338089,101.61709589968947,1
nutraceutical,397.5432762810377,1.574442937976355,8.331513755940223,0.5572077420227448,37.56051533366224,46.94054230512306,3
antibiotic,284.07357550039706,4.561455854394698,11.51403342206657,0.8208104490700595,37.0001035324591,16.51343409238157,1
antibiotic,433.48167514334307,3.351279969095242,8.016118201463312,0.8392874009910329,36.995349839430695,49.65522648933826,1
antiulcer,298.3580774485185,4.786736944795137,10.191888594267901,0.6160421781142931,36.83605264174354,28.749957748856296,2
antacid,302.42208719092383,4.295741325207828,10.842064633484078,1.1619887029001976,37.07759534192949,27.077293584505753,0
antacid,444.49412119625526,4.992769386866681,4.280797719489325,1.0949827600364634,37.412549132333815,69.48200104120923,0
antibiotic,231.56728979557866,2.7274913540809855,4.1204483990822665,0.9683156361303757,36.56643489214455,44.684490767401044,1
nutraceutical,110.30685280278833,4.1851590112589445,8.109809888509918,0.823606892700425,36.67094175546237,17.372083522579366,3
antacid,62.95220434100254,2.9067581976323478,6.110284698067047,0.7882358791091559,36.84813698561167,11.376751393749522,0
nutraceutical,389.81176505312857,3.179564671063681,10.398613028667203,0.9556814270056679,36.32706453826339,31.219483614445686,3
antacid,329.1392981090591,3.6962691212642955,11.000231233980111,0.8818023085848339,36.59037107013925,28.199916741821898,0
nutraceutical,366.83589564465063,4.557869899652186,5.534213793027181,0.5435911741173199,36.76188956322767,53.35009507841457,3
antiulcer,145.83387267900983,4.944292142197533,4.36870558974482,0.8587518541392322,37.43719459035636,26.613723554784574,2
nutraceutical,111.3671640140464,4.188956948525814,9.805255152438619,1.0644825320629876,37.13128066450096,9.967483682463913,3
antiulcer,56.545099550546865,2.962183737585668,4.7480603554813605,0.8214679143178707,37.09679495568377,14.569146144522879,2
antiulcer,207.76440146296864,2.9747495079697455,10.226143185136785,0.5363696042879879,37.42544898108399,19.6469929776553,2
nutraceutical,315.4629590845849,4.08153805556112,6.237382536487628,1.0503947395688231,36.931314105800304,40.76185718818013,3
antiulcer,226.50982029487955,2.3357200101890583,8.675498992914704,0.640954647495182,37.195232424964445,23.30101012752511,2
antibiotic,246.86371491067808,1.8866593959598812,2.955353138346682,0.6810345844216271,36.94838912353375,78.40931380873555,1
antiulcer,456.8714125221868,2.7411775517427177,8.238593246765731,0.6152944474026071,37.13268117469981,55.555693343546494,2
antacid,206.71496016048516,2.505336470789286,6.517676787372292,0.7311505454100482,36.70862067119421,29.482330926907395,0
nutraceutical,281.2952701219149,2.5370784215959654,7.866084631754741,1.0297260539820445,35.78059142086178,26.850715671482924,3
antibiotic,402.6438557335144,2.317627128674685,3.680142077448634,0.8635701016527562,36.93286041890685,101.10509314267921,1
nutraceutical,228.44425204457158,1.6473261637272665,9.36873744944182,0.6434168919054988,37.71137406804997,25.459528641531016,3
antacid,329.93901510254307,1.5625587715669482,10.627970775432285,1.1144810547064286,37.4631077011208,22.857136053397674,0
antacid,438.06366893603536,4.957028364076111,4.167398000907756,1.1157072984660705,37.48269874229558,75.0529596286294,0
antacid,477.28428064593896,2.997205968075518,2.9571455552016173,1.1094048975322048,37.61806536090311,139.66138992941077,0
antiulcer,116.18306641806707,2.845143265058886,2.236385860463364,0.6671573479670775,37.044328795480716,53.03715225430281,2
antiulcer,466.96443132267245,3.8787654894257444,8.41971500443266,0.8158675409266917,37.0986578537028,50.26421198244262,2
nutraceutical,271.4523318857922,2.2638886075277247,8.070940360887807,1.1894927592986124,36.691174052282825,33.92194676807935,3
nutraceutical,166.20997473453127,4.824864143825788,7.4669741271407,1.0404087334169931,36.841963571986476,13.033521773063564,3
antibiotic,256.6110903072176,4.2522075504544325,4.319470961159754,0.5190171948578919,37.30788557488557,62.73631754677393,1
antibiotic,491.0146588784647,1.8129385080929084,5.9090599590551465,0.5456432138823444,37.601942218584405,85.1296163622066,1
nutraceutical,271.6781422967913,2.961532715247249,7.944763351861731,0.8247519637686329,36.9302768621595,34.498432570455456,3
antiulcer,197.9382246293787,4.576914076467577,6.967668588591694,1.1364541441030922,36.77490536757429,25.84408785267777,2
antacid,335.0303844425266,4.806562078019936,11.877855202148872,0.8770912585669,37.0002639794283,23.514501244878836,0
nutraceutical,158.0655284501869,3.135905289374544,3.3643975255673313,0.8484687556240031,37.30060337446456,47.02213757540195,3
antibiotic,84.13849764889876,3.646939862237477,8.951445540475937,0.5738315899696413,36.27807259193323,9.219685974438958,1
antiulcer,107.99587485979215,2.0846188113222635,6.043187681042921,0.9597460733070058,35.85190952343138,18.344716726989162,2
nutraceutical,107.6206275309976,4.969090191479418,6.281996149256147,1.075472212420158,36.72473157525421,15.430537776378396,3
nutraceutical,118.35621208053246,2.310850954842052,9.175977656581763,0.7662940052552936,36.38964378704292,10.07160488717718,3
antiulcer,112.47222769223455,4.799561209472939,8.924361513243696,1.0429282956477293,36.745929901176346,5.301761149355631,2
nutraceutical,338.3936351614466,3.77376327147329,11.912559937021882,1.175133657730568,36.926109840591266,21.61747816050054,3
antiulcer,131.84603797961518,3.627078782076007,3.2839428945412523,0.6426365213893823,36.77337579548849,37.327698871634276,2
antacid,205.55027749573844,3.29440978855778,3.041096493841663,0.8663307418363189,37.72623376723537,65.06111315972768,0
antiulcer,453.5547844577053,2.3073443410121555,9.24338817128741,0.7009965706592028,37.16337238230116,51.4228771674064,2
antiulcer,263.28273811829257,2.1178481120192787,7.783869170064091,1.0549980933236875,37.150237179805416,26.44757032442081,2
antiulcer,350.40098233446224,2.2717017317456136,4.741606665598058,0.9043153561168102,37.3111035720217,66.14251117491297,2
nutraceutical,127.54394204073343,2.1525339175048908,2.794193689889866,0.9442076922852126,36.43058344110962,38.86941423332219,3
nutraceutical,136.53005846390187,4.228545657483636,2.8565824959643056,1.0585399117311258,37.519555893710134,40.71871601789419,3
antiulcer,68.39087731991549,2.7254384070835553,10.941908746641182,0.7771793308637184,36.96211785673227,2.0,2
nutraceutical,126.02077838247405,1.7024493679718873,3.918673247187429,1.1405630478849302,37.335240308620605,22.596831680248496,3
antibiotic,175.36565256438138,4.89185920549284,5.233715621155207,0.8731202070722979,36.464071383479926,26.583093695354776,1
antibiotic,129.65471792453607,4.5932505973719895,4.26656402226988,0.6105683759847436,36.22312061699197,30.442368901212717,1
nutraceutical,89.91614019067502,4.747132991183245,5.549963058319373,0.9871293827181618,37.40894482901251,11.04588026288925,3
nutraceutical,104.28614199527036,4.982177379262524,2.6942384274609337,1.055282945306778,37.18820476304876,22.39328911421666,3
antiulcer,257.3504456147266,2.108633372268206,7.190597909082704,0.7217331739472687,36.54897422282124,35.02448061540182,2
antacid,142.85017328260665,2.8868470661593055,2.676125635922149,1.1000254798991271,36.56516845936265,43.92995465037426,0
nutraceutical,213.92143747163396,4.15383466496432,10.003565078223616,1.1343002783360365,37.56271739220738,13.09514925541857,3
antibiotic,276.5377718846856,3.936072163188273,4.33712081910433,0.6938331411644663,36.40529405356634,57.298563316251105,1
antiulcer,360.67767288321437,2.0386356721894927,7.400119146045106,1.1884650309006553,37.821336476627984,37.57170405605319,2
nutraceutical,67.69046292849453,4.355415937467162,10.800790875614583,0.5984980696341309,36.54968963267606,3.961062602182974,3
antibiotic,409.73467950906917,2.285542001428312,8.50877369047194,0.641410967881743,37.319195962804194,41.38904258906159,1
antibiotic,332.5551752709085,2.283361651879181,7.329577865513353,0.6289573874666183,36.83569076212551,47.4712691881364,1
antacid,86.79156437699235,3.3794104801269476,5.243337531153756,1.1257927970055093,37.30159371554117,17.799375279045258,0
antiulcer,443.1103808480498,3.575289771945961,5.330019130581979,0.9580047866274732,36.7279429989429,74.75568042595921,2
antiulcer,464.3925802393159,3.530301727432339,8.6948695519819,0.606472998255591,36.91860354696385,50.946745482557944,2
antacid,77.48508193468868,1.820203930892142,11.941393612211675,0.8082263928578443,37.02045958769786,5.103430774790873,0
antacid,174.59494166624168,4.571113019206331,8.618391898493787,0.9307086175488615,36.49890627210927,15.919979532335585,0
antiulcer,412.7905759068776,2.4296001490604713,7.577834173700249,0.5584248594925683,37.37041217271006,58.75212595094073,2
antiulcer,386.71686067264625,1.9533022244898146,9.30650510239246,1.1176914578851371,36.743393216764204,34.231262713087744,2
nutraceutical,133.0344587103698,4.61061827954142,6.652056122837181,1.0625224748090747,36.885700042329994,12.762078727344743,3
nutraceutical,144.20719550151964,4.844780243804137,2.601423426007852,0.8536447415036468,36.50282531269574,43.82372322547801,3
antacid,216.7124462561219,4.517446660429077,7.6229681587790985,1.1769886306814192,35.718833170602345,21.063273399223327,0
nutraceutical,268.0353433359596,4.333306261537073,11.576252845053801,0.7924326854925698,36.904486118699914,24.437305607580175,3
antibiotic,328.2146471886332,3.793346932236576,3.7530294235765966,1.1888772233255485,38.206307710806456,72.56503261182372,1
nutraceutical,216.01113780639758,3.4280007971319875,8.900048908206657,0.967543999162539,37.39230214394901,24.297302415951076,3
nutraceutical,258.14062225991654,1.8044536596899354,4.009336886590565,0.944269891277759,36.990369810132805,53.65209390658072,3
antibiotic,386.36192216019043,2.9295862457474455,7.3582768447308124,0.6161684267070495,36.86855458539586,59.98185985826064,1
antacid,66.50744130076906,2.804409809543099,2.966764496467196,1.1173494308132508,37.011232946406025,20.424776250405387,0
antibiotic,163.59662495480933,2.4091382431611414,6.503709362581851,0.7992427815444305,37.2735595575876,21.286284694306573,1
nutraceutical,371.0073136480486,4.031970397910047,9.56163328895246,0.6135633840477356,36.40959359234558,40.94026513702048,3
antacid,452.8430769592397,3.2355650727756977,5.475715242389821,0.5088252639830313,37.55716084733444,93.75799714365601,0
nutraceutical,280.25484895204977,1.7836617556767678,8.64911724487218,0.8918289785468678,37.357690657720624,26.38107286958403,3
antibiotic,289.45106836939203,2.27064120682434,9.954499607897292,0.8691797354858735,37.35909286285397,25.05456604581472,1
antibiotic,98.22740510289923,3.8914056728085855,11.271778194794527,1.003547535658411,37.219237869404864,8.229051476843644,1
nutraceutical,251.3355650705546,1.7664580082160506,4.346420818554535,1.1231806371124615,37.009808328846994,45.54217520425361,3
antiulcer,289.67776990476045,4.479224199170691,5.993159158093081,0.5555846092501207,37.33643061798341,46.25963146874447,2
antiulcer,159.11172663562834,3.2330128445489104,3.524160133304174,1.0120475432382536,37.29590706687069,41.64874148321616,2
antibiotic,171.15945392722142,3.1820530206432682,11.924835021583752,0.6311883608683075,36.82297964452949,20.06342059638647,1
antibiotic,219.77787339708019,3.5734272463083117,11.270009679242953,1.1007239372100148,36.713199113551546,19.24709779023962,1
antiulcer,59.03203899997686,4.386383380738022,7.399571302805596,1.0733444597031592,37.05092814763099,6.701657585257541,2
antiulcer,194.93562451243022,2.7173322276576757,10.420332943764212,0.878555628489881,37.77451007574759,20.84027601939711,2
nutraceutical,145.15160314844508,3.8730565339567224,7.209579772720422,0.9971699590363181,36.38044646217305,13.514014484685875,3
nutraceutical,197.3738084800616,3.4800618739852687,8.235856880027598,0.7200450792286238,36.26623736712378,24.219865997317566,3
antiulcer,103.89295931866305,2.434598945592975,2.8912443211601664,0.8298175292529701,37.08238042061826,39.008313351039305,2
nutraceutical,450.7372763329527,4.575204952243054,9.55270420496808,1.07514582839733,37.025443850928006,34.7496240436649,3
nutraceutical,317.1166040993219,4.290991075624248,3.2771348363523485,0.8214856380212496,37.086670832185206,81.22402695662763,3
antacid,355.59604361502033,3.8045814213044893,10.260676302525283,0.7504587857278092,37.12197659895425,30.66199235544964,0
nutraceutical,405.12705737330225,4.477036051829847,9.820280876703858,0.8459487130752099,36.8883988726826,31.1300476463367,3
antibiotic,274.2989895180758,4.535529703359308,9.087446977429764,1.0797744767060529,37.74493171930104,20.84303977943773,1
nutraceutical,89.11412963934066,3.9792704185026215,2.361603805247621,0.734645633159611,36.199548010761745,32.9788943204116,3
nutraceutical,291.6979438183465,4.429546649272853,5.031283559453286,0.6216331151950206,36.585751487609876,48.35565424787356,3
antiulcer,314.0785031093956,3.941150115842493,4.631125699108429,0.9984098142315465,36.94837261992548,56.51968199693554,2
antibiotic,385.4477633829485,3.8804927011610513,5.601364074715191,1.0781847488956573,36.17840559442292,57.10352378055401,1
nutraceutical,244.24679580335572,3.665139823753145,2.8764274676383854,0.5704462349664733,36.91207279778396,83.59203595242172,3
nutraceutical,107.4111362580037,4.134508238451744,11.369578230310628,0.6679118789291613,37.83073508286401,13.595575080585775,3
antacid,177.699157609426,2.055117868525758,7.538022407123763,0.5993803928326957,37.01044324414798,24.598865681513754,0
nutraceutical,213.3870333793858,4.58304765719625,5.055243106580235,0.7435589881075166,37.11535045285934,39.54840387704296,3
nutraceutical,340.6627585992205,4.551452347108312,5.969815170742834,0.8152456852337888,36.36991761741371,45.03770943356989,3
antacid,306.85023710101035,1.602365490620957,6.472025405048356,1.0241784358743145,36.69181929598026,39.348378133182024,0
antiulcer,210.2435266540308,4.390358626976669,8.005943333606172,0.9558033094171718,36.81240180983803,17.805534433078755,2
nutraceutical,493.93186195684086,1.9510445361570583,7.156794276964978,0.9346499972349018,36.841142451621884,60.841263591062024,3
antacid,322.5986687105992,2.6729159899069965,11.193919732144174,0.7466624626267581,37.64082189750189,29.534083610178318,0
antibiotic,156.7520562811975,4.102278897020627,6.969634829058302,1.0890132871593319,37.27884553036256,19.50596599763679,1
antiulcer,95.80211267918168,2.0626596361690788,11.921580148233126,0.8299010171787151,36.444271021531485,3.5489216201154514,2
antibiotic,118.78661263294941,4.362884584416718,10.514249577450958,1.1853734566106082,37.123252389216,5.599065021326513,1
antibiotic,160.68097777302864,4.412469622852097,4.085105143573358,0.9438994968070158,37.249110874248395,33.86300746266893,1
antacid,122.30661796680005,3.2761370681629267,11.305952146439163,0.5883853190951519,37.570074519260636,8.759664047964032,0
nutraceutical,133.9551608230876,1.5223505510089175,3.163663978854761,0.9733242934528037,37.790270343284185,35.76919241070202,3
antacid,178.2928259122312,2.5046334661121947,10.174497084911916,0.7275728108021893,36.492452904086065,12.775606564475833,0
antacid,128.01811788263967,3.659244214315098,5.8062329347658,0.9804290376802682,36.59457124439483,21.420611125790685,0
antacid,453.5444410818913,4.934151623095982,10.779743204450694,0.5487488037136841,36.37121107054269,32.94459124918777,0
antacid,86.10518554773898,3.711347344558339,10.680566901074503,0.6224170060231715,36.88299007044651,9.649046983324633,0
antiulcer,286.0301253066146,2.4093125337245596,10.059254001176212,1.0990160812340504,37.233179187223165,25.596540423011728,2
nutraceutical,234.6785721453477,3.7190199608486396,9.900304363070614,0.6590256899164604,37.49366725829455,21.4942372102602,3
antibiotic,492.0703776088729,3.389948829005494,5.046791390980408,1.085928787670058,36.96202448817874,84.63454258077851,1
antibiotic,100.41750597562356,4.229458883029002,2.8091928305125218,0.6954932619180874,36.840076238372575,33.2863971488082,1
nutraceutical,229.03501957058373,1.8744322358943544,6.029801787651614,0.9500173370410954,37.07587899612437,30.14135956469696,3
antibiotic,486.261694973916,4.163597658757098,3.7352451498650865,0.9859054014568817,36.58242854918499,102.12032189727726,1
nutraceutical,439.47820665229114,3.3944330253663857,8.949510889024618,0.8588583272015371,38.04476936084739,41.61470123427284,3
antibiotic,417.68243192717597,4.870472013506481,5.460997265377856,0.7137174736877119,36.19616948644097,63.82214279964316,1
antacid,166.05627217022294,2.696552581135401,11.756102008599148,0.6488510634597673,37.092370289447864,9.870415166576663,0
antibiotic,126.89941432552962,3.7141766259688183,8.40972077345332,0.5232325481936984,38.01180310961482,16.321604826613182,1
nutraceutical,350.88944896599395,4.762098369285061,10.224805636343609,0.7127624808685067,37.003399922279996,28.469528339122203,3
nutraceutical,468.2191951074136,1.8587840479673774,3.3252467274184845,0.9572139533718981,36.904980482499255,118.59817288858602,3
nutraceutical,300.5433018562684,4.780299705327579,10.620144822726225,1.1568133729139378,36.821277288594786,18.928204044284797,3
nutraceutical,307.22571026145494,3.9076000280528467,11.227571905133944,1.1098431375841362,36.9098041591188,20.749112666383418,3
nutraceutical,175.99059214712787,1.7374297068681017,6.870619188189359,1.0362453435747119,37.686424237338265,22.878876650037274,3
antiulcer,396.2718199363716,2.553372484313857,8.062529377509774,1.0519131402773092,35.89406904433525,41.82754507745638,2
antiulcer,134.1696868508855,3.9786023102584855,9.648098009029955,0.9654894324331966,37.766716850648166,12.932932451196287,2
antibiotic,195.65565638190967,1.7357271051407008,3.7483862726041255,0.6822008002962021,36.28802142377493,48.13467350750721,1
nutraceutical,241.44639737738754,3.5375966106169563,7.0256607646344245,1.1350365214940807,36.86667383538279,23.441484573168633,3
antibiotic,278.4246704080048,2.7105906993353486,5.9866302777231315,0.9695126183340839,36.78537778985067,44.098872165241325,1
nutraceutical,159.0843795867861,3.67320431218617,3.463739921622491,0.892308441686308,37.29427663488536,43.4565197889188,3
nutraceutical,101.67657113264158,1.660097118343795,5.675344222915315,0.5776926284494368,36.20093782405812,13.439581488578387,3
antiulcer,324.7790190987347,4.550378821533317,2.6817230938549357,0.8129388806644977,37.23108633304097,101.77584333213035,2
antiulcer,179.8837489581151,4.907211392120889,2.25811906949487,0.8222507898413484,38.01215481164343,65.71627985279908,2
antacid,311.5571996401755,4.89107249349992,3.3516628915482274,1.105194526665869,36.3184129977036,64.41883001194867,0
antiulcer,119.46322187339103,4.123781411100237,11.631151115891738,0.8826537541314519,37.0948530838052,9.841990483155485,2
antacid,266.5130458346679,1.9553018404572118,7.49529535895017,0.7662803842792867,36.6690089111017,36.24584032198075,0
antacid,289.6652446482136,4.153921185751579,11.6582216115322,1.1837602299574614,37.21294360309652,21.969589079296373,0
antacid,73.3205915700921,1.5860542076058053,6.32497878330132,0.577504415328421,37.00957388870788,6.905417426001783,0
antacid,201.47192518726425,1.5774324303514904,5.118161330852596,0.7957838998183613,36.67925654547785,35.36202246279723,0
antacid,110.48660462253841,2.6326357670233946,7.061418628402441,0.5294172726199837,37.24393614243554,20.812012223785246,0
antibiotic,78.5187367127455,3.21025116641633,6.3951168863291015,1.0179328845368514,37.90217405489337,12.42935849580652,1
antiulcer,495.4821045754754,4.196425962327276,3.056646842617439,1.1426535865394054,36.90454810413635,126.06667295289073,2
antacid,195.05923023862533,3.891533818122768,8.408263146902062,0.6960261306853426,37.35987897107409,28.28351898300892,0
nutraceutical,414.4435006345857,3.060659472318619,4.160381825095996,1.1008391737593846,36.353363521064416,88.47921378205257,3
antiulcer,164.58829464369373,2.4576933319858307,8.195879548978295,0.7045527613233284,36.521781811591,20.18294840705208,2
antiulcer,356.67622500076817,4.9899357505519895,8.502010923981533,1.1375391131507406,37.23620313894019,32.40800398580817,2
antacid,392.10253695035897,2.9916345578259054,3.520248531286481,1.0277733325177487,37.74205801426798,103.83849197209754,0
antibiotic,318.0374332735299,3.079854585153864,2.6134962711066816,1.063434743789007,37.17780667439283,108.64585354971504,1
antacid,262.20928484757127,2.0726833741708424,9.807615860684399,0.5126045889203181,36.843470984738424,25.863259139976073,0
antibiotic,235.32841136627084,4.281833420624753,6.5980042376932015,1.1739672499518181,36.999645702711675,31.133333613840406,1
nutraceutical,206.9907199443479,3.9278877902352103,2.5816379550547577,1.0086696944492264,36.37479613301514,62.96140982512697,3
antiulcer,468.28811491152163,2.272693644760661,11.948663171697671,0.7133257667702932,37.302257663177684,42.53923899765405,2
nutraceutical,423.7787335044781,1.7883336596554495,2.5778056099636664,1.0805762654011928,37.441166531161706,131.45846345778116,3
antibiotic,484.26210979993067,3.881747557261496,8.950352288585531,0.697064838890451,36.77395483358346,46.8196993823355,1
antibiotic,105.93375056849513,3.7907892499839733,11.836789252634135,1.1109276876962895,36.76497892612025,8.26883640811819,1
nutraceutical,378.8903638416399,2.456408344493733,4.391801042159257,0.5788062732883559,37.13293911482602,82.85481073363324,3
antibiotic,472.253205569467,4.828022467876436,3.4224936868719618,0.992580184222557,36.7816401319797,105.26965769162304,1
nutraceutical,131.55487977454706,2.0287026212331507,3.213849394224289,0.8784889336514372,36.966933692687086,38.417728295937884,3
antiulcer,79.92332031504986,3.0131718036491066,5.032751475675956,0.5675741291368086,38.049860894583254,16.10309485846598,2
nutraceutical,383.5042921805266,4.802655720586596,3.010458110106467,0.6693256797811873,36.876487149627,109.84834572233606,3
antiulcer,308.51290093096037,2.9690456092414284,8.92161341694132,0.5086828253941204,36.820829923989386,44.14600592790719,2
nutraceutical,428.82294954122244,3.7348408168242995,2.6229179813006267,0.8281375758251541,36.67622909718242,146.79995497191507,3
antibiotic,112.89756948183027,2.89158039286978,7.094221281497897,0.7108856825320002,37.372095985749965,13.307857075734915,1
nutraceutical,407.8702903369506,2.459753208220345,11.966968538529768,0.9188502390084312,36.90938791339095,35.070424360962136,3
antibiotic,140.73229402148502,4.943921767859399,10.139702695060189,0.708066465396032,36.675313480839286,17.36731644115174,1
nutraceutical,123.64517428956702,2.9326690221026506,8.152194382310109,0.7099433780548893,37.6606520161365,15.928086273236286,3
nutraceutical,123.91960906894683,4.62934721287697,5.062536207866117,1.0202352391121223,37.709801502256816,22.116747466066187,3
antacid,416.558624104122,2.3048411206188018,8.238958362916385,0.5336999851848474,36.699788217130646,55.61174276934043,0
antibiotic,349.33874931329007,2.2458664640877917,7.270414639116517,1.1320264966343911,36.06673002431969,35.21948201441903,1
antacid,285.37944114610366,1.6089692900957897,6.260833838903714,1.096584712073827,37.50375684491846,33.65258268382222,0
antibiotic,211.47371785557613,3.7808338888155975,3.307103767401995,0.9674632782584845,36.65768508712,58.131064193203215,1
antacid,444.7402433658987,2.7898422030331638,10.866042152404667,0.915255099075169,37.39531279958138,43.730265213125975,0
antiulcer,226.60029834018593,4.52525387443873,6.497846488213225,1.1246117486977565,36.014948091144085,26.64533146139534,2
nutraceutical,417.4697477622097,3.15623467342045,3.946225118207651,0.6297311256701001,37.446298669149655,110.07914969130225,3
antibiotic,247.61070885659828,4.888676997701526,5.677593508772896,0.55527841353358,36.39441403535961,44.093437730079025,1
antibiotic,219.62499324120841,2.149339304960924,6.1412975252892705,0.6676571189366767,37.36538205953326,33.236680920606624,1
nutraceutical,258.2059035513229,4.540181087844638,10.275378955668742,1.056204795090133,37.007136533918214,18.078417768594623,3
antibiotic,185.62004337386392,4.2180889847710965,9.336143805614022,0.5242691867085383,36.523030290301676,20.135419415596537,1
antibiotic,386.424221079313,4.198226456254182,9.693048936413398,0.9079647845584427,36.79648184353661,38.031386117075854,1
antacid,276.22417554161564,4.456741298409106,2.110312644286472,1.1968062613339168,37.34315922847835,97.60617218181729,0
antibiotic,154.4957128160678,4.163583968300497,6.161539981797615,1.0989872656862776,37.05294722655762,20.78237386151172,1
antiulcer,454.8085579735558,3.6917711257099537,6.813441516353237,0.8650119823305126,37.29220649023624,62.438575195098615,2
antiulcer,222.75104961794514,1.9593570718883564,2.191922768230567,0.5445486365006497,37.98822029225774,103.45718025138183,2
nutraceutical,294.59878750129485,1.6138416282193817,4.598132087450342,1.081961460069997,36.21787919414447,49.48938986514926,3
antibiotic,457.91244993404615,4.722967467354904,9.60289823122135,0.9192849557240473,37.80860628748431,30.90874105447982,1
nutraceutical,330.90709816129646,3.658276100822583,3.3710970572899903,0.5804530979416967,37.052177968761605,99.01758407710811,3
